CREATE DATABASE  IF NOT EXISTS `immotom` /*!40100 DEFAULT CHARACTER SET utf8 */;
USE `immotom`;
-- MySQL dump 10.13  Distrib 5.5.16, for Win32 (x86)
--
-- Host: localhost    Database: immotom
-- ------------------------------------------------------
-- Server version	5.5.24-log

/*!40101 SET @OLD_CHARACTER_SET_CLIENT=@@CHARACTER_SET_CLIENT */;
/*!40101 SET @OLD_CHARACTER_SET_RESULTS=@@CHARACTER_SET_RESULTS */;
/*!40101 SET @OLD_COLLATION_CONNECTION=@@COLLATION_CONNECTION */;
/*!40101 SET NAMES utf8 */;
/*!40103 SET @OLD_TIME_ZONE=@@TIME_ZONE */;
/*!40103 SET TIME_ZONE='+00:00' */;
/*!40014 SET @OLD_UNIQUE_CHECKS=@@UNIQUE_CHECKS, UNIQUE_CHECKS=0 */;
/*!40014 SET @OLD_FOREIGN_KEY_CHECKS=@@FOREIGN_KEY_CHECKS, FOREIGN_KEY_CHECKS=0 */;
/*!40101 SET @OLD_SQL_MODE=@@SQL_MODE, SQL_MODE='NO_AUTO_VALUE_ON_ZERO' */;
/*!40111 SET @OLD_SQL_NOTES=@@SQL_NOTES, SQL_NOTES=0 */;

--
-- Table structure for table `brokers`
--

DROP TABLE IF EXISTS `brokers`;
/*!40101 SET @saved_cs_client     = @@character_set_client */;
/*!40101 SET character_set_client = utf8 */;
CREATE TABLE `brokers` (
  `idbrokers` int(11) NOT NULL AUTO_INCREMENT,
  `name` varchar(100) CHARACTER SET latin1 DEFAULT NULL,
  `address` varchar(100) CHARACTER SET latin1 DEFAULT NULL,
  `zip` varchar(100) CHARACTER SET latin1 DEFAULT NULL,
  `city` varchar(100) CHARACTER SET latin1 DEFAULT NULL,
  `email` varchar(100) CHARACTER SET latin1 DEFAULT NULL,
  `phone` varchar(100) CHARACTER SET latin1 DEFAULT NULL,
  `image` varchar(100) CHARACTER SET latin1 DEFAULT NULL,
  PRIMARY KEY (`idbrokers`)
) ENGINE=InnoDB AUTO_INCREMENT=5 DEFAULT CHARSET=utf8;
/*!40101 SET character_set_client = @saved_cs_client */;

--
-- Dumping data for table `brokers`
--

LOCK TABLES `brokers` WRITE;
/*!40000 ALTER TABLE `brokers` DISABLE KEYS */;
INSERT INTO `brokers` VALUES (1,'Vastgoed Casier','Ichtegemstraat 100','8680','Koekelare','hollevoet.tom@gmail.com','051583223','1.jpg'),(2,'Vastgoed Dewaele','Vlamingstraat 62','8000','Brugge','hollevoet.tom@gmail.com','050444999','2.jpg'),(3,'Vastgoed Blomme','Burg 7','8020','Torhout','hollevoet.tom@gmail.com','050220064','3.jpg'),(4,'Agence Dermul','Karel Janssenslaan 1','8400','Oostende','hollevoet.tom@gmail.com','059551050','4.jpg');
/*!40000 ALTER TABLE `brokers` ENABLE KEYS */;
UNLOCK TABLES;

--
-- Table structure for table `category`
--

DROP TABLE IF EXISTS `category`;
/*!40101 SET @saved_cs_client     = @@character_set_client */;
/*!40101 SET character_set_client = utf8 */;
CREATE TABLE `category` (
  `idcategory` int(11) NOT NULL,
  `name` varchar(45) CHARACTER SET latin1 DEFAULT NULL,
  PRIMARY KEY (`idcategory`)
) ENGINE=InnoDB DEFAULT CHARSET=utf8;
/*!40101 SET character_set_client = @saved_cs_client */;

--
-- Dumping data for table `category`
--

LOCK TABLES `category` WRITE;
/*!40000 ALTER TABLE `category` DISABLE KEYS */;
INSERT INTO `category` VALUES (1,'Appartement'),(2,'Huis'),(3,'Villa'),(4,'Bungalow'),(5,'Garage');
/*!40000 ALTER TABLE `category` ENABLE KEYS */;
UNLOCK TABLES;

--
-- Table structure for table `photos`
--

DROP TABLE IF EXISTS `photos`;
/*!40101 SET @saved_cs_client     = @@character_set_client */;
/*!40101 SET character_set_client = utf8 */;
CREATE TABLE `photos` (
  `idphotos` int(11) NOT NULL AUTO_INCREMENT,
  `photoname` varchar(100) CHARACTER SET latin1 DEFAULT NULL,
  `idrealestate` int(11) DEFAULT NULL,
  `firstImage` tinyint(4) DEFAULT NULL,
  PRIMARY KEY (`idphotos`)
) ENGINE=InnoDB AUTO_INCREMENT=165 DEFAULT CHARSET=utf8;
/*!40101 SET character_set_client = @saved_cs_client */;

--
-- Dumping data for table `photos`
--

LOCK TABLES `photos` WRITE;
/*!40000 ALTER TABLE `photos` DISABLE KEYS */;
INSERT INTO `photos` VALUES (1,'42041-1.jpg',1,1),(2,'42041-2.jpg',1,0),(3,'42041-3.jpg',1,0),(4,'42041-4.jpg',1,0),(5,'42110-1.jpg',2,1),(6,'42110-2.jpg',2,0),(7,'42110-3.jpg',2,0),(8,'42110-4.jpg',2,0),(13,'41501-1.jpg',3,1),(14,'41501-2.jpg',3,0),(15,'41501-3.jpg',3,0),(16,'41501-4.jpg',3,0),(17,'41943-1.jpg',4,1),(18,'41943-2.jpg',4,0),(19,'41943-3.jpg',4,0),(20,'41943-4.jpg',4,0),(21,'41910-1.jpg',5,1),(22,'41910-2.jpg',5,0),(23,'41910-3.jpg',5,0),(24,'41910-4.jpg',5,0),(25,'41858-1.jpg',6,1),(26,'41858-2.jpg',6,0),(27,'41858-3.jpg',6,0),(28,'41858-4.jpg',6,0),(29,'41721-1.jpg',7,1),(30,'41721-2.jpg',7,0),(31,'41721-3.jpg',7,0),(32,'41721-4.jpg',7,0),(33,'41733-1.jpg',8,1),(34,'41733-2.jpg',8,0),(35,'41733-3.jpg',8,0),(36,'41733-4.jpg',8,0),(37,'41738-1.jpg',9,1),(38,'41738-2.jpg',9,0),(39,'41738-3.jpg',9,0),(40,'41738-4.jpg',9,0),(41,'41741-1.jpg',10,1),(42,'41741-2.jpg',10,0),(43,'41741-3.jpg',10,0),(44,'41741-4.jpg',10,0),(45,'41724-1.jpg',11,1),(46,'41724-2.jpg',11,0),(47,'41724-3.jpg',11,0),(48,'41724-4.jpg',11,0),(49,'41249-1.jpg',12,1),(50,'41249-2.jpg',12,0),(51,'41249-3.jpg',12,0),(52,'41249-4.jpg',12,0),(53,'41259-1.jpg',13,1),(54,'41259-2.jpg',13,0),(55,'41259-3.jpg',13,0),(56,'41259-4.jpg',13,0),(57,'41283-1.jpg',14,1),(58,'41283-2.jpg',14,0),(59,'41283-3.jpg',14,0),(60,'41283-4.jpg',14,0),(61,'35968-1.jpg',15,1),(62,'35968-2.jpg',15,0),(63,'35968-3.jpg',15,0),(64,'35968-4.jpg',15,0),(65,'40682-1.jpg',16,1),(66,'40682-2.jpg',16,0),(67,'40682-3.jpg',16,0),(68,'40682-4.jpg',16,0),(69,'42029-1.jpg',17,1),(70,'42029-2.jpg',17,0),(71,'42029-3.jpg',17,0),(72,'42029-4.jpg',17,0),(73,'42015-1.jpg',18,1),(74,'42015-2.jpg',18,0),(75,'42015-3.jpg',18,0),(76,'42015-4.jpg',18,0),(77,'39135-1.jpg',19,1),(78,'39135-2.jpg',19,0),(79,'39135-3.jpg',19,0),(80,'39135-4.jpg',19,0),(81,'41550-1.jpg',20,1),(82,'41550-2.jpg',20,0),(83,'42255-1.jpg',21,1),(84,'42255-2.jpg',21,0),(85,'42255-3.jpg',21,0),(86,'42255-4.jpg',21,0),(87,'42081-1.jpg',22,1),(88,'42081-2.jpg',22,0),(89,'42081-3.jpg',22,0),(90,'42081-4.jpg',22,0),(91,'41955-1.jpg',23,1),(92,'41955-2.jpg',23,0),(93,'41955-3.jpg',23,0),(94,'41955-4.jpg',23,0),(95,'29534-1.jpg',24,1),(96,'29534-2.jpg',24,0),(97,'29534-3.jpg',24,0),(99,'29534-4.jpg',24,0),(100,'41772-1.jpg',25,1),(101,'41772-2.jpg',25,0),(102,'41772-3.jpg',25,0),(103,'41772-4.jpg',25,0),(104,'41303-1.jpg',26,1),(105,'41303-2.jpg',26,0),(106,'41303-3.jpg',26,0),(107,'41303-4.jpg',26,0),(108,'40907-1.jpg',27,1),(109,'40907-2.jpg',27,0),(110,'40907-3.jpg',27,0),(111,'40907-4.jpg',27,0),(112,'39504-1.jpg',28,1),(113,'39504-2.jpg',28,0),(114,'39504-3.jpg',28,0),(115,'39504-4.jpg',28,0),(116,'39174-1.jpg',29,1),(117,'39174-2.jpg',29,0),(118,'39174-3.jpg',29,0),(119,'39174-4.jpg',29,0),(120,'38969-1.jpg',30,1),(121,'38969-2.jpg',30,0),(122,'38969-3.jpg',30,0),(123,'38969-4.jpg',30,0),(124,'38268-1.jpg',31,1),(125,'38268-2.jpg',31,0),(126,'38268-3.jpg',31,0),(127,'38268-4.jpg',31,0),(128,'42135-1.jpg',32,1),(129,'42135-2.jpg',32,0),(130,'42135-3.jpg',32,0),(131,'42135-4.jpg',32,0),(132,'42129-1.jpg',33,1),(133,'42129-2.jpg',33,0),(134,'42129-3.jpg',33,0),(135,'42129-4.jpg',33,0),(136,'40571-1.jpg',34,1),(137,'40571-2.jpg',34,0),(138,'40571-3.jpg',34,0),(139,'40571-4.jpg',34,0),(140,'41331-1.jpg',35,1),(141,'41331-2.jpg',35,0),(142,'41331-3.jpg',35,0),(143,'41331-4.jpg',35,0),(144,'41418-1.jpg',36,1),(145,'41418-2.jpg',36,0),(146,'41418-3.jpg',36,0),(147,'41418-4.jpg',36,0),(148,'40658-1.jpg',37,1),(149,'40658-2.jpg',37,0),(150,'40658-3.jpg',37,0),(151,'40658-4.jpg',37,0),(152,'38804-1.jpg',38,1),(153,'38804-2.jpg',38,0),(154,'38804-3.jpg',38,0),(155,'38804-4.jpg',38,0),(156,'40080-1.jpg',39,1),(157,'40080-2.jpg',39,0),(158,'40080-3.jpg',39,0),(159,'40080-4.jpg',39,0),(160,'37469-1.jpg',40,1),(161,'37469-2.jpg',40,0),(162,'37469-3.jpg',40,0),(163,'37469-4.jpg',40,0),(164,'37469-6.jpg',NULL,NULL);
/*!40000 ALTER TABLE `photos` ENABLE KEYS */;
UNLOCK TABLES;

--
-- Table structure for table `realestate`
--

DROP TABLE IF EXISTS `realestate`;
/*!40101 SET @saved_cs_client     = @@character_set_client */;
/*!40101 SET character_set_client = utf8 */;
CREATE TABLE `realestate` (
  `idrealestate` int(11) NOT NULL AUTO_INCREMENT,
  `title` varchar(100) CHARACTER SET latin1 DEFAULT NULL,
  `address` varchar(100) CHARACTER SET latin1 DEFAULT NULL,
  `zip` varchar(100) CHARACTER SET latin1 DEFAULT NULL,
  `city` varchar(100) CHARACTER SET latin1 DEFAULT NULL,
  `price` double DEFAULT NULL,
  `definition` text CHARACTER SET latin1,
  `detail` text CHARACTER SET latin1,
  `division` text CHARACTER SET latin1,
  `bedrooms` int(11) DEFAULT NULL,
  `category` int(11) DEFAULT NULL,
  `broker` int(11) DEFAULT NULL,
  `forsale` tinyint(4) DEFAULT NULL,
  `soldrented` tinyint(4) DEFAULT NULL,
  `countclick` int(11) DEFAULT NULL,
  `visible` tinyint(4) DEFAULT NULL,
  PRIMARY KEY (`idrealestate`)
) ENGINE=InnoDB AUTO_INCREMENT=41 DEFAULT CHARSET=utf8;
/*!40101 SET character_set_client = @saved_cs_client */;

--
-- Dumping data for table `realestate`
--

LOCK TABLES `realestate` WRITE;
/*!40000 ALTER TABLE `realestate` DISABLE KEYS */;
INSERT INTO `realestate` VALUES (1,'Gerenoveerde gezellige woning met 2 slaapkamers en bureaukamer','Voorzienigheidsstraat 2','8500','Kortrijk ',550,'<p>Knusse woning, volledig gerenoveerd en opgeschilderd. Rustig gelegen op wandelafstand van het centrum.<br /> <br /> INDELING<br /> <br /> Kelder<br /> Gelijkvloerse verdieping:<br /> - Living (24m&sup2;) in tegelvloer met uitgeruste open keuken (6m&sup2;) voorzien van dubbele lavabo, oven, diepvries, koelkast, kookplaat en dampkap - badkamer (4m&sup2;) in tegelvloer met douche, lavabo, toilet en aansluiting wasmachine - slaapkamer/bureauruimte (9m&sup2;) in tegelvloer <br /> <br /> 1ste Verdieping: <br /> Slaapkamer 1 &amp; 2 (12 &amp; 13m&sup2;) in plankenvloer<br /> <br /> 2de Verdieping:<br /> Zolder/berging.<br /> <br /> Geen huisdieren toegelaten. Studenten welkom.<br /> Er is geen tuin.</p>','<ul><li>Aantal slaapkamers: 2</li><li>EPC: 355 kWh/m<sup>2</sup>/jaar</li></ul>','<ul><li>Inkomhal: 6m<sup>2</sup></li><li>Living: 24m<sup>2</sup></li><li>Keuken: 6m<sup>2</sup></li><li>Slaapkamer 1: 12m<sup>2</sup></li><li>Slaapkamer 2: 13m<sup>2</sup></li><li>Badkamer 1: 4m<sup>2</sup></li></ul>',2,1,1,0,0,4,1),(2,'Centraal gelegen woning met 2 slpks en zonnig terras! ','Goudenhoofdstraat 3','8970','Poperinge ',475,'<p>Centraal gelegen woning op wandelafstand van de Grote Markt. Gezellig zonnig terras aanwezig. bestaat uit: <br /> <br /> GELIJKVLOERS: Inkomhal met apart toilet - living (14,5 m&sup2;) - bergruimte (2 m&sup2;) - keuken (10 m&sup2;) met ingebouwde oven, elektrische kookplaat, dampkap, frigo en spoelbak.<br /> <br /> VERDIEP +1: nachthal - terras (15 m&sup2;) - 2 slaapkamers (12 + 10 m&sup2;) - badkamer (4 m&sup2;) met regendouche en ingebouwde lavabo.<br /> <br /> VERDIEP +2: zolder die ook als hobbyruimte kan gebruikt worden.<br /> <br /> =&gt; vrij vanaf 01/09/2013<br /> =&gt; geen huisdieren toegelaten<br /> =&gt; gunstig EPC 247kWh/m&sup2; - UC 1125596</p>','<ul><li>Aantal slaapkamers: 2</li><li>EPC: 247 kWh/m<sup>2</sup>/jaar - UC 1125596</li></ul>','<ul><li>Inkomhal: 5,5m<sup>2</sup></li><li>Living: 14,5m<sup>2</sup></li><li>Keuken: 10m<sup>2</sup></li><li>Terras: 15m<sup>2</sup></li><li>Slaapkamer 1: 12m<sup>2</sup></li><li>Slaapkamer 2: 10m<sup>2</sup></li><li>Badkamer 1: 4m<sup>2</sup></li></ul>',2,2,1,0,1,3,1),(3,'Ruime villa met tuin en garage vlakbij centrum Ieper ','Augustijnenstraat 73','8900','Ieper',850,'<p>Ruime alleenstaande villa op 495m&sup2; met een zeer gunstige ligging in het centrum van Ieper. De villa is gelegen nabij scholen, kinderopvang, openbaar vervoer, station, grootwarenhuizen, bakkerij.. De villa is over de ganse woning voorzien van dubbele beglazing, nieuwe elektriciteit en sanitair daarbij is het dak voorzien van onderdak en isolatie.<br /> <br /> De villa is als volgt ingedeeld:<br /> <br /> * Gelijkvloers: Inkom (10m&sup2;) - leefruimte met houtkachel (34m&sup2;) - ge&iuml;nstalleerde keuken met vaatwas, dubbele spoelbak, frigo, elektrisch fornuis en dampkap (17m&sup2;) - apart toilet (2m&sup2;) - garage (16m&sup2;)<br /> <br /> * 1e verdiep: 3 ruime slaapkamers (18m&sup2;, 16m&sup2; en 11m&sup2;) - badkamer met toilet, dubbele lavabo en douche (6m&sup2;)<br /> <br /> * Zolder met onderdak en isolatie<br /> <br /> * Kelder (10m&sup2;)<br /> <br /> * Ruime tuin van 240 m&sup2; met tuinhuis (23m&sup2;)<br /> <br /> ==&gt; EPC: 334 kWh/m&sup2;<br /> ==&gt; Vrij op 01/08/2013</p>','<ul><li>Aantal slaapkamers: 3</li><li>EPC: 334 kWh/m<sup>2</sup>/jaar - UC 918890</li></ul>','<ul><li>Inkomhal: 10m<sup>2</sup></li><li>Living: 34m<sup>2</sup></li><li>Keuken: 17m<sup>2</sup></li><li>Slaapkamer 1: 18m<sup>2</sup></li><li>Slaapkamer 2: 16m<sup>2</sup></li><li>Slaapkamer 3: 11m<sup>2</sup></li><li>Badkamer 1: 6m<sup>2</sup></li></ul>',3,3,1,0,0,5,1),(4,'Ruime HOB met 3 slaapkamers, 2 garages en tuin','Zonnebeekseweg 148','8900','Ieper ',595,'<p>Deze ruime half open bebouwing is gelegen op de Zonnebeekseweg net uit het centrum van Ieper. Biedt veel ruimte, een gezellig tuintje en is instapklaar. Geen huisdieren toegelaten. Indeling:<br /> <br /> GELIJKVLOERS: inkomhal - woonkamer (28 m&sup2;) - ingerichte keuken (17 m&sup2;) met gasfornuis, frigo, oven en kasten - badkamer met toilet, lavabo en douche - voutekamer/slaapkamer/bureau (10 m&sup2;) - droge kelder (10 m&sup2;)<br /> VERDIEP 1: nachthal met 3 slaapkamers (10,5 - 13 - 14 m&sup2;) - apart toilet - zolderkamer (10 m&sup2;)<br /> BUITEN: zongerichte tuin - 2 garages - berging<br /> <br /> =&gt; vrij op 01/08/2013<br /> =&gt; EPC 703 - UC 338379</p>','<ul><li>Aantal slaapkamers: 3</li><li>EPC: 703 kWh/m<sup>2</sup>/jaar - UC 338379</li></ul>','<ul><li>Living: 28m<sup>2</sup></li><li>Keuken: 17m<sup>2</sup></li><li>Slaapkamer 1: 10,5m<sup>2</sup></li><li>Slaapkamer 2: 13m<sup>2</sup></li><li>Slaapkamer 3: 14m<sup>2</sup></li></ul>',3,2,1,0,0,9,1),(5,'Mooie recente villa op rustige ligging, met 3 slaapkamers, garage en ruime zonnige tuin','Snoekstraat 13','8210','Veldegem',850,'<p>Deze ruime instapklare villa is gelegen in een rustige woonwijk, nabij de dorpskern van Veldegem. De woning heeft een vlotte verbinding met de E403/E40 en biedt u oa. 3 slaapkamers, ruime living, een ingerichte keuken en badkamer, zonnige tuin rondom de woning, garage en berging.<br /> <br /> Indeling:<br /> Glvl.: inkom (8,5m&sup2;) met apart toilet - ruime living (36,5m&sup2;) met zicht op de tuin - volledig uitgeruste keuken (8m&sup2;) met eetruimte (6,5m&sup2;), de keuken is voorzien van een keramische kookplaat, dampkap, vaatwasmachine, combi-oven, frigo, spoelbak en ingemaakte kasten - berging (2m&sup2;) - wasplaats (8,5m&sup2;) met aansluiting voor wasmachine en droogkast en toegang tot de tuin - garage (19m&sup2;) met elektrische sectionale poort - ruime zonnige tuin en terras (Z-ori&euml;ntering).<br /> 1&deg;V.: nachthal - 3 slaapkamers (26,5m&sup2; - 17,5m&sup2; - 11m&sup2;) in laminaat - badkamer (10m&sup2;) met dubbele lavabo, bad, douche en toilet.<br /> Zolder.<br /> <br /> - huurprijs: &euro; 850,00<br /> - vrij vanaf 01/08/2013</p>','<ul><li>Aantal slaapkamers: 3</li><li>Bouwjaar: 2004</li><li>EPC: 311 kWh/m<sup>2</sup>/jaar - UC 451289</li></ul>','<ul><li>Inkomhal: 8,5m<sup>2</sup> - met apart toilet</li><li>Living: 36,5m<sup>2</sup> - in tegelvloer met zicht op de tuin</li><li>Keuken: 8m<sup>2</sup> - keramische kookplaat, dampkap, vaatwasmachine, frigo, combi-oven,spoelbak en ingemaakte kasten</li><li>Eetkamer: 6,5m<sup>2</sup></li><li>Terras: zonnig terras</li><li>Slaapkamer 1: 26,5m<sup>2</sup> - in linoleum </li><li>Slaapkamer 2: 17,5m<sup>2</sup> - in linoleum </li><li>Slaapkamer 3: 11m<sup>2</sup> - in linoleum </li><li>Badkamer 1: 10m<sup>2</sup> - met dubbele lavabo, bad, douche en toilet</li></ul>',3,3,1,0,0,9,1),(6,'Landelijk gelegen bungalow woning met 2 slaapkamers','Kruisekestraat 4','8980','Zandvoorde',630,'<p>Landelijk gelegen woning met prachtige verzichten te Zandvoorde (nabij Ieper). Onmiddellijk instapklaar. Alle leefruimtes bevinden zich op het gelijkvloers. Indeling:<br /> <br /> GELIJKVLOERS: inkomhal met apart toilet - living (32 m&sup2;) met authentieke sierkachel en prachtig uitzicht - keuken (10 m&sup2;) met opbergkasten, grill, microgolf, spoelbak, kookplaat en dampkap - nachthal met 2 slaapkamers (9 + 11 m&sup2;) - badkamer (5 m&sup2;) met ligbad, toilet en lavabo - garage (B:3,5 x L:7,5 )<br /> VERDIEP +1: zolder<br /> BUITEN: prachtig aangelegde tuin - oprit - voortuin<br /> <br /> =&gt; Onmiddellijk vrij en instapklaar<br /> =&gt; EPC 577</p>','<ul><li>Aantal slaapkamers: 2</li><li>EPC: 577 kWh/m<sup>2</sup>/jaar</li></ul>','<ul><li>Living: 32m<sup>2</sup></li><li>Keuken: 10m<sup>2</sup></li><li>Slaapkamer 1: 9m<sup>2</sup></li><li>Slaapkamer 2: 11m<sup>2</sup></li><li>Badkamer 1: 5m<sup>2</sup></li></ul>',2,4,2,0,0,13,1),(7,'Gezellige woning met 3 slaapkamers, koer en zonnige tuin','Stokersstraat 12','8000','Brugge',750,'<p>Deze gerenoveerde woning is gelegen in het centrum van Brugge en biedt u oa. 3 slaapkamers, ingerichte keuken, ruime living, zonnige koer en tuin (Z-gericht).<br /> <br /> INDELING:<br /> Glvl.: inkom (5m&sup2;) - ruime living (33m&sup2;) met tegelvloer - ingerichte keuken (10m&sup2;) met dubbele spoelbak, elektrisch fornuis, dampkap, frigo en kasten - badkamer (5,5m&sup2;) met toilet, lavabo, bad/douche en aansluiting voor wasmachine - berging (3m&sup2;) - koer (18m&sup2;) met toegang tot zonnige tuin (94m&sup2;) met tuinhuis (6m&sup2;), toegang tot tuin mogelijk achterom.<br /> 1&deg;V: 3 slaapkamers in laminaat (13m&sup2;, 11m&sup2;, 7m&sup2;).<br /> 2&deg;V.: zolder (26m&sup2;) met plankenvloer, toegankelijk via vaste trap.<br /> <br /> - huurprijs: &euro; 750,00</p>','<ul><li>Aantal slaapkamers: 3</li><li>EPC: 415 kWh/m<sup>2</sup>/jaar - UC 70661</li></ul>','<ul><li>Living: 33m<sup>2</sup></li><li>Keuken: 10.2m<sup>2</sup></li><li>Terras: 18m<sup>2</sup></li></ul>',3,2,2,0,1,2,1),(8,'Instapklare woning met 2 slaapkamers in Koolskamp ','Moskostraat 12','8851','Koolskamp ',600,'<p>Knusse, instapklare woning met 2 slaapkamers gelegen te Koolskamp-Ardooie bevat:<br /> <br /> Op het gelijkvloers: living met haard - keuken met bijkeuken - berging - ruime slaapkamer - badkamer met douche <br /> <br /> Op het eerste verdiep: grote slaapkamer - zolderruimte<br /> <br /> Woning bevat een grote voor- en achtertuin met wasruimte, bergruimte en garage met elektrische poort.<br /> <br /> Dit pand is te bereiken vanuit de holdestraat en de moskostraat te Koolskamp.<br /> <br /> IDEAAL VOOR EEN STARTEND OF OUDER KOPPEL!!</p>','<ul><li>Aantal slaapkamers: 2</li><li>EPC: 539 kWh/m<sup>2</sup>/jaar - UC 624496</li></ul>','<ul><li>Inkomhal: 6m<sup>2</sup></li><li>Living: 24m<sup>2</sup></li><li>Keuken: 6m<sup>2</sup></li><li>Slaapkamer 1: 12m<sup>2</sup></li><li>Slaapkamer 2: 13m<sup>2</sup></li><li>Badkamer 1: 4m<sup>2</sup></li></ul>',2,2,2,0,0,10,1),(9,'Aangename gerenoveerde woning met 3 slaapkamers, terras en garage ','Voorzienigheidsstraat 37','8500','Kortrijk ',650,'<p>Gerenoveerde woning voorzien van 3 slaapkamers op wandelafstand van het centrum. Achteraan de woning is er een zonnig en rustig stadsterras. Verder is er ook een ruime garage met automatische garagepoorrt.<br /> \"De woning werd grondig gerenoveerd en is voorzien van alle comfort. De renovatie omvat: nieuwe centrale verwarming met condensatieketel op aardgas, nieuw vloer met isolatie, nieuwe dakisolatie, nieuwe elektrische installatie, dubbele beglazing (zie ook gunstig EPC), nieuwe badkamer.<br /> <br /> Indeling van de woning :<br /> Living (9x4m) in tegelvloer - ge&iuml;nstalleerde keuken met plaats voor ontbijthoek en voorzien van volgende apparatuur : gasfornuis met oven, dampkap, dubbele spoelbak - zonnig zuidwestgericht terras (16m&sup2;) - badkamer met toilet, bad/douche en lavabomeubel - garage (6x4m) met automatische garagepoort - praktische berging met aansluiting wasmachine en droogkast - 2 kelders.<br /> 1ste verdieping :<br /> slaapkamers 1/bureaukamer (2.5x1.7m) - slaapkamer 2 (4.5x4m) - slaapkamer 3 (4.5x4m) - overloop (2.5x1.7m).</p>','<ul><li>Aantal slaapkamers: 3</li><li>EPC: 235 kWh/m<sup>2</sup>/jaar - UC 1291635</li></ul>','<ul><li>Living: 35m<sup>2</sup></li><li>Keuken: 8m<sup>2</sup></li><li>Terras: 16m<sup>2</sup></li><li>Slaapkamer 1: 4m<sup>2</sup></li><li>Slaapkamer 2: 18m<sup>2</sup></li><li>Slaapkamer 3: 18m<sup>2</sup></li><li>Badkamer 1: 4m<sup>2</sup></li></ul>',3,2,2,0,0,8,1),(10,'Instapklare villa met 3 slaapkamers nabij centrum Marke ','Kalvariestraat 37','8510','Marke ',960,'<p>Rustig gelegen villa met 3 slaapkamers en tuin, op een boogscheut van het centrum. Achteraan de woning is er een ruime zonnige tuin met zicht op de kinderboerderij. De woning is uitgerust met tegelvloer beneden en parketvloer boven. <br /> <br /> Indeling :<br /> gelijkvloerse verdieping:<br /> Inkomhal met toilet - ruime living (45m&sup3;) met haardcassette op hout en zicht op de tuin - volledig uitgeruste keuken (14m&sup2;) met afwasmachine, oven, dubbele lavabo, kookplaat, dampkap en koelkast - voldoende plaats voor ontbijthoek - aansluitende orangerie - ruime tuin met terras - slaapkamer 1 (18m&sup2;) - garage met plaats voor 1 auto + aansluiting wasmachine en droogkast - badkamer 1 met douche, bad en dubbele lavabo<br /> <br /> 1ste verdieping: <br /> Slaapkamer 1 (12m&sup2;) - slaapkamer 2 (14m&sup2;) - badkamer (9m&sup2;) met douche, lavabo en toilet - nachthal met ruimte voor bureau.<br /> <br /> EPC 479 UC 514606</p>','<ul><li>Aantal slaapkamers: 3</li><li>Bouwjaar: 1990</li><li>EPC: 479 kWh/m<sup>2</sup>/jaar - UC 514606</li></ul>','<ul><li>Inkomhal: 5m<sup>2</sup></li><li>Living: 45m<sup>2</sup></li><li>Keuken: 14m<sup>2</sup></li><li>Terras: 10m<sup>2</sup></li><li>Veranda: 15m<sup>2</sup></li><li>Slaapkamer 1: 18m<sup>2</sup></li><li>Slaapkamer 2: 12m<sup>2</sup></li><li>Slaapkamer 3: 14m<sup>2</sup></li><li>Badkamer 1: 9m<sup>2</sup></li></ul>',3,3,2,0,1,10,1),(11,'Ruime woning met 2 slaapkamers en zuidgerichte tuin ','Waregemstraat 120','9870','Zulte ',650,'<p>Deze charmante woning heeft twee slaapkamers, grote zuidgerichte tuin en terras. De ideale woning voor wie wil genieten van rust in de tuin maar tevens wil gebruik maken van de goede verbinding naar autostrade, scholen, centrum Zulte/Waregem.<br /> <br /> INDELING VAN DE WONING<br /> Gelijkvloers:<br /> inkomhal met vestiaire - keuken met eethoek (frigo, oven, spoelbak, 4 kookplaten, dampkap) - living met veel lichtinval - berging ( aansluiting wasmachine + inmaakkasten) - apart toilet - badkamer ( dubbele lavabo, douche, ligbad) - garage - ruime tuin en terras - kelder<br /> <br /> Eerste verdieping<br /> slaapkamer 1 - slaapkamer 2 (met inmaakkast)<br /> <br /> ALGEMENE INFO:<br /> - centrale verwarming op mazout<br /> - dubbel glas<br /> - boven en beneden rolluiken<br /> - aparte garagebox<br /> - EPC 483 kWh/m&sup2; UC 1155120</p>','<ul><li>Aantal slaapkamers: 2</li><li>Bouwjaar: 1950</li><li>EPC: 483 kWh/m<sup>2</sup>/jaar - UC 20120627-0001155120-00000005-1</li></ul>','<ul><li>Badkamer 1: ligbad, douche, dubbele lavabo</li><li>Opslag: aansluiting wasmachine</li></ul>',2,2,3,0,0,13,1),(12,'Halfopen nieuwbouwwoning met kwalitatieve afwerking','Kruisekestraat 531','8940','Wervik ',750,'<p>Prachtige nieuwbouwwoning gelegen te Kruiseke, dichtbij A19. Zeer kwalitatieve afwerking met alle nodige comfort. Zonnige tuin aanwezig met verzicht. Laatste afwerking wordt weldra voltooid. Geen huisdieren toegelaten! Indeling:<br /> <br /> GELIJKVLOERS: inkomhal met apart toilet - lichtrijke en ruime living (36,5 m&sup2;) - open keuken (12 m&sup2;) voorzien van inductiekookplaat, dampkap, oven, vaatwas, frigo en opbergkasten - wasruimte (6 m&sup2;) met buitendeur naar tuin - garage (l: 5,9 x b: 3,2).<br /> VERDIEP +1: nachthal met drie slaapkamers (18 + 12 + 14 m&sup2;) - badkamer met douche, toilet, lavabo en ligbad.<br /> VERDIEP +2: ge&iuml;soleerde zolder.<br /> BUITEN: zongerichte tuin - voortuin - oprit.<br /> <br /> =&gt; vrij en instapklaar na volledige voltooiing<br /> =&gt; EPB van toepassing</p>','<ul><li>Aantal slaapkamers: 3</li><li>EPC: EPB kWh/m<sup>2</sup>/jaar</li></ul>','<ul><li>Living: 36,5m<sup>2</sup></li><li>Keuken: 12m<sup>2</sup></li><li>Slaapkamer 1: 18m<sup>2</sup></li><li>Slaapkamer 2: 12m<sup>2</sup></li><li>Slaapkamer 3: 14m<sup>2</sup></li></ul>',3,2,3,0,0,41,1),(13,'Exclusief afgewerkte, ruime villa met 5 slaapkamers, 3 badkamers in residentiële omgeving','Heistlaan 438','8301','Ramskapelle ',1250,'<p>Prachtig residentieel gelegen Villa die luxueus gerenoveerd werd en alle comfort biedt!! De villa omvat maar liefst 5 slaapkamers en 3 badkamers! Een topper in zijn categorie!<br /> <br /> INDELING:<br /> glvl: Inkom (7,5m&sup2;) met aparte bureau voorzien van ingemaakte kasten (10,5m&sup2;) - ruime living in natuurstenen vloer met gezellige houtkachel (30m&sup2;) - open ge&iuml;nstalleerde keuken (voorzien van oven, vaatwas, koelkast, inductie fornuis en dampkap) met aansluitend eetruimte (25m&sup2;) - berging (3,5m&sup2;) - bijkeuken + berging met aansluiting wasmachine - toilet - badkamer 1 uitgerust met douche en lavabo (4m&sup2;) - garage met automatische poort (32m&sup2;) - ruime koer/terras (160m&sup2;)<br /> <br /> 1&deg;V: 3 slaapkamers van respectievelijk 11m&sup2;, 9m&sup2;, 14m&sup2; - apart toilet - terras in bankirai (4m&sup2;) - badkamer 2 uitgerust met lavabo en douche (6m&sup2;) slaapkamer 4 (20m&sup2;) met aansluitend badkamer 3 uitgerust met bad, douche en dubbele lavabo (12m&sup2;)<br /> <br /> 2&deg;V: polyvalente kamer (23m&sup2;)<br /> <br /> Algemeen:<br /> =&gt; vrij op 01/09/2013<br /> =&gt; residenti&euml;le ligging<br /> =&gt; luxueuze afwerking<br /> =&gt; huurprijs: &euro; 1250,00/mnd.</p>','<ul><li>Aantal slaapkamers: 5</li><li>EPC: 219 kWh/m<sup>2</sup>/jaar - UC 542436</li></ul>','<ul><li>Inkomhal: 7,5m<sup>2</sup></li><li>Living: 30m<sup>2</sup> - met houtkachel</li><li>Keuken: 25m<sup>2</sup> - oven, vaatwas, koelkast, vaatwas, inductie fornuis, dampkap</li><li>Terras: 4m<sup>2</sup></li><li>Slaapkamer 1: 11m<sup>2</sup></li><li>Slaapkamer 2: 9m<sup>2</sup></li><li>Slaapkamer 3: 14m<sup>2</sup></li><li>Slaapkamer 4: 20m<sup>2</sup></li><li>Badkamer 1: 4m<sup>2</sup> - douche en lavabo</li><li>Badkamer 2: 6m<sup>2</sup> - douche en lavabo</li><li>Badkamer 3: 12m<sup>2</sup> - dubbele lavabo, douche en bad</li></ul>',5,3,3,0,1,37,1),(14,'Ruime burgerwoning met 4 slaapkamers en dubbele garage ','Kortrijksesteenweg 14','8530','Harelbeke',875,'<p>Ruime burgerwoning op gunstige afstand nabij R8 en centrum Harelbeke. Op korte afstand vindt men supermarkt, slager, bakkerij.<br /> De woning beschikt over alle moderne comfort en werd gerenoveerd met kwalitatieve materialen.<br /> Achteraan beschikt men over een rustige zonnige tuin en dubbele garage.<br /> <br /> Indeling van de woning :<br /> Gelijkvloerse verdieping :<br /> Inkomhal met apart toilet met handwasser - garage dienst doende als opbergruimte (voorzien van opbergkasten) - living (4x13m) in tegelvloer - Keuken (12m&sup2;) in tegelvloer met volgende inbouwapparatuur : oven, microgolf, vaatwasser, dubbele spoelbak, koelkast met vriesvak, inductiekookplaat, friteuse, vaatwasser, ontbijthoek en veel kastruimte - ruime zuidwestgerichte tuin met 2 terrassen - dubbele garage met automatische garagepoorten ( de garage geven uit in de Ter abdijhoeve) - ruime kelder met veel opbergruimte en individuele toegang tot de tuin<br /> 1ste verdieping :<br /> 4 slaapkamers (14, 14, 20 en 13m&sup2;) voorzien van inmaakkasten - badkamer met douche, toilet, lavabomeubel en handdoekradiator.<br /> ruime zolder (10x6m) met inmaakkasten en aparte kamer met inmaakkasten.</p>','<ul><li>Aantal slaapkamers: 4</li><li>EPC: 244 kWh/m<sup>2</sup>/jaar - UC 1390243</li></ul>','<ul><li>Inkomhal: 8m<sup>2</sup></li><li>Living: 53m<sup>2</sup></li><li>Keuken: 12m<sup>2</sup></li><li>Terras: 25m<sup>2</sup></li><li>Slaapkamer 1: 14m<sup>2</sup></li><li>Slaapkamer 2: 14m<sup>2</sup></li><li>Slaapkamer 3: 20m<sup>2</sup></li><li>Slaapkamer 4: 13m<sup>2</sup></li><li>Badkamer 1: 4m<sup>2</sup></li></ul>',4,2,3,0,0,4,1),(15,'Rustig gelegen landhuis met 3 slaapkamers op 1777m² ','Korteboeken 58','9930','Zomergem ',950,'<p>Landhuis op 1777m&sup2; met zicht op de velden nabij het centrum. <br /> <br /> Woning met ruime inkomhal en vestiaire, living met zicht op de tuin, ingerichte keuken met aansluitend koele berging, bureau en dubbele garage. <br /> <br /> Op de eerste verdieping 3 slaapkamers en ingerichte badkamer, ruime berging, zolder eventueel verder in te richten als 4e slaapkamer. <br /> <br /> EPC: 676 kWh/m&sup2; UC 1285120</p>','<ul><li>Aantal slaapkamers: 3</li><li>Bouwjaar: 1977</li><li>EPC: 676 kWh/m<sup>2</sup>/jaar - UC 1285120</li></ul>','<ul><li>Inkomhal: 10m<sup>2</sup></li><li>Living: 50m<sup>2</sup> - met open haard</li><li>Keuken: 15m<sup>2</sup></li><li>Slaapkamer 1: 21m<sup>2</sup></li><li>Slaapkamer 2: 11m<sup>2</sup></li><li>Slaapkamer 3: 12m<sup>2</sup></li><li>Badkamer 1: 8,5m<sup>2</sup> - Met dubbele lavabo, bad en toilet</li></ul>',3,3,3,0,0,2,1),(16,'Landelijk gelegen bungalow woning met 2 slaapkamers','Kruisekestraat 4','8980','Zandvoorde ',630,'<p>Landelijk gelegen woning met prachtige verzichten te Zandvoorde (nabij Ieper). Onmiddellijk instapklaar. Alle leefruimtes bevinden zich op het gelijkvloers. Indeling:<br /> <br /> GELIJKVLOERS: inkomhal met apart toilet - living (32 m&sup2;) met authentieke sierkachel en prachtig uitzicht - keuken (10 m&sup2;) met opbergkasten, grill, microgolf, spoelbak, kookplaat en dampkap - nachthal met 2 slaapkamers (9 + 11 m&sup2;) - badkamer (5 m&sup2;) met ligbad, toilet en lavabo - garage (B:3,5 x L:7,5 )<br /> VERDIEP +1: zolder<br /> BUITEN: prachtig aangelegde tuin - oprit - voortuin<br /> <br /> =&gt; Onmiddellijk vrij en instapklaar<br /> =&gt; EPC 577</p>','<ul><li>Aantal slaapkamers: 2</li><li>EPC: 577 kWh/m<sup>2</sup>/jaar</li></ul>','<ul><li>Living: 32m<sup>2</sup></li><li>Keuken: 10m<sup>2</sup></li><li>Slaapkamer 1: 9m<sup>2</sup></li><li>Slaapkamer 2: 11m<sup>2</sup></li><li>Badkamer 1: 5m<sup>2</sup></li></ul>',2,4,4,0,0,8,1),(17,'Hoekappartement met 2 slaapkamers en open zicht ','Gentsesteenweg 22','8500','Kortrijk ',565,'<p>Zeer lichtrijk hoekappartement met 2 slaapkamers, goed gelegen tussen centrum Kortrijk en Shopping Kuurne en op wandelafstand van supermarkt. Het volledige appartement is uitgevoerd in tegelvloer (met uitzondering van de slaapkamers).<br /> <br /> Indeling : - zuidgerichte living (31m&sup2;) en keuken (7m&sup2;) uitgerust met oven, vaatwas, dampkap, elektrische kookplaat, koelkast met vriesvak en dubbele gootsteen - slaapkamer 1 (14m&sup2;) in laminaat - slaapkamer 2 (15m&sup2;) - badkamer (7,5m&sup2;) met dubbele lavabo, bad, aansluiting wasmachine en droogkast - toilet (1,3m&sup2;) - berging (6m&sup2;) in tegelvloer - hal (13m&sup2;).<br /> <br /> De voorschotten van 40 euro dienen voor de liftkosten, de gemeenschappelijke elektriciteit, de poetskosten van de gemeenschappelijke delen en het individuele waterverbruik.<br /> <br /> EPC= 204 kWh/m&sup2; = laag energieverbruik</p>','<ul><li>Aantal slaapkamers: 2</li><li>EPC: 204 kWh/m<sup>2</sup>/jaar</li></ul>','<ul><li>Inkomhal: 13m<sup>2</sup></li><li>Living: 31m<sup>2</sup></li><li>Keuken: 7m<sup>2</sup></li><li>Slaapkamer 1: 14m<sup>2</sup></li><li>Slaapkamer 2: 15m<sup>2</sup></li><li>Badkamer 1: 8m<sup>2</sup></li></ul>',2,1,4,0,0,12,1),(18,'Gunstig gelegen appartement met 2 slaapkamers en terras ','Groeningelaan 17','8500','Kortrijk ',510,'<p>Subliem gerenoveerd gemeubeld appartement in het historische middelpunt van Kortrijk. De flat werd in 2004 met kwalitatieve materialen gerenoveerd. Het appartement is stijlvol gemeubileerd.<br /> <br /> Het appartement bestaat uit:<br /> - Inkom met toilet, deur naar het terras en dubbele deur met glas naar het woongedeelte - open keuken (6 m&sup2;) met koelkast, dubbele spoelbak, aardgasfornuis, oven en dampkap - living (27 m&sup2;) in massieve parket en met open haard - badkamer (3 m&sup2;) met ligbad / douche en wastafel in spiegelkast- 2 slaapkamers (18 en 12 m&sup2;) , beide in laminaat en de ruimste met ingemaakte kasten en toegang tot het terras - berging (4,5 m&sup2;) - terras Z-ZW (8 m&sup2;) - kelder (3 m&sup2;).<br /> Ten laatste is er ook nog een garagebox langs de straat met automatische poort (+50euro/maand).<br /> <br /> De voorschotten op gemeenschappelijke kosten bedragen 50euro/maand.<br /> <br /> EPC= 129 kWh/m&sup2;</p>','<ul><li>Aantal slaapkamers: 2</li><li>Bouwjaar: 1981</li><li>EPC: 217 kWh/m<sup>2</sup>/jaar - UC 616976</li></ul>','<ul><li>Inkomhal: 5m<sup>2</sup></li><li>Living: 19m<sup>2</sup></li><li>Keuken: 8,5m<sup>2</sup></li><li>Terras: 4m<sup>2</sup></li><li>Slaapkamer 1: 10m<sup>2</sup></li><li>Slaapkamer 2: 7,5m<sup>2</sup></li><li>Badkamer 1: 3m<sup>2</sup></li></ul>',2,1,4,0,1,15,1),(19,'Stockageruimte / garage','Roeselaarsestraat 402','8870','Izegem ',230,'<p>Keuzemogelijkheid stockageruimte / garage (84m&sup2;)<br /> <br /> Beschikt over een garagepoort (2m7 hoog - 2m8 breed)<br /> Mogelijkheid met chauffage te verwarmen<br /> Sanitairvoorzieningen aanwezig.<br /> <br /> Eventueel mogelijk 15m&sup2; meer bij te huren. (99m&sup2; voor 270EUR)</p>','<ul><li>Eventueel mogelijk 15m² meer bij te huren. (99m² voor 270EUR) </li></ul>','-',0,5,4,0,0,44,1),(20,'Ondergrondse garage in centrum Veurne ','Sint-Denisplaats','8630','Veurne ',55,'<p>Ondergrondse garagebox met kantelpoort, gelegen aan de Sint-Denisplaats te Veurne. Vlot bereikbaar. <br /> <br /> Afmetingen garage (b x l): 2,94m x 5,67m<br /> Afmetingen poort (b x h): 2,62m x 2,37m<br /> Elektriciteit voorzien!</p>','<ul><li>Afmetingen garage (b x l): 2,94m x 5,67m</li><li>Afmetingen poort (b x h): 2,62m x 2,37m</li><li>Elektriciteit voorzien!</li></lu>','-',0,5,4,0,0,6,1),(21,'Perfect gelegen cottage villa met 3 slaapkamers ','Oud-Strijderslaan 16','8200','Sint-Andries',499000,'<p>Perfect gelegen cottage villa met 3 slaapkamers en zonnige tuin. Ideale, residenti&euml;le ligging op een boogscheut van Brugge, met mogelijkheid tot vrij beroep.<br /> <br /> Gelijkvloers: inkomhal met apart toilet met lavabo en vestiairekast - living (ca. 32m&sup2;) afgewerkt met parket en inbouwspots, met zicht op de tuin - keuken (7,7m&sup2;) met gasfornuis, oven, dampkap, dubbele spoelbak en kasten - berging (1m&sup2;) - kelder (5m&sup2;) - hal (4m&sup2;) - wasplaats (9,5m&sup2;) met ketel c.v., spoelbak en aansluiting wasmachine/droogkast (mogelijkheid tot uitbreiding keuken) - badkamer (4,4m&sup2;) met lavabo in meubel, douche en toilet - veranda (11m&sup2;) afgewerkt met inbouwspots en met ingemaakte kast - achterliggende volledig omheinde tuin - aparte garage (25m&sup2;), mogelijkheid tot praktijk, met mezzanine - tuinberging (9m&sup2;).<br /> 1ste verdieping: ruime nachthal met houten plankenvloer en bergruimte - 2 slaapkamers (elk 10m&sup2;) met houten plankenvloer, ingemaakte kasten en Ralph Lauren afwerking - badkamer (5m&sup2;) met ligbad, dubbele lavabo in meubel en toilet - masterbedroom (16m&sup2;) met plankenvloer en balkon. <br /> <br /> Algemeen: <br /> - volledig aangelegde, omheinde tuin, oprijlaan met verlichting<br /> - heel rustig gelegen<br /> - cv op stookolie, maar aardgas voorzien<br /> - rolluiken op het gelijkvloers<br /> <br /> (sted. inl. in aanvraag)</p>','<ul><li>Aantal slaapkamers: 3</li><li>Kadastraal inkomen: € 1.090</li><li>Oppervlakte: 850m<sup>2</sup></li><li>EPC: 456 kWh/m<sup>2</sup>/jaar - UC 1035611</li></ul>','<ul><li>Aantal slaapkamers: 4</li><li>Kadastraal inkomen: € 1.286</li><li>Oppervlakte: 1.523m<sup>2</sup></li><li>EPC: 409 kWh/m<sup>2</sup>/jaar - UC 20130102-0001282156-00000001-1</li></ul>',3,2,1,1,0,4,1),(22,'Alleenstaande villa met praktijkruimte/kantoorruimte op 1152m²','Vijfseweg 162','8790','Waregem ',449500,'<p>Deze alleenstaande villa heeft de mogelijkheid voor praktijkruimte of kantoorruimte aan de woning. <br /> <br /> INDELING: <br /> woonkamer, keuken met inbouwtoestellen, 3 slaapkamers, badkamer (toilet, lavabo, ligbad), inkomhal, toilet, vestiaire, bureauruimte met wachtruimte en praktijkruimte, toilet<br /> volledig onderkelderd<br /> <br /> ALGEMENE INFO:<br /> - bewoonbare opp. 245m&sup2;<br /> - electriciteit: dag &amp; nachttarief<br /> - stadswater aanwezig<br /> - CV op mazout<br /> - ramen: aluminium: deels dubbel glas, deels enkel <br /> <br /> (Sted. inl. in aanvraag)</p>','<ul><li>Aantal slaapkamers: 4</li><li>Oppervlakte: 1.152m<sup>2</sup></li><li>EPC: 529 kWh/m<sup>2</sup>/jaar - UC 20130624-0001396770-00000017-9</li></ul>','<ul><li>Inkomhal: 7,22m<sup>2</sup> - 2 aparte inkomhallen</li><li>Living: 76,21m<sup>2</sup> - houtkachel aanwezig</li><li>Keuken: 17m<sup>2</sup> - microgolfoven, oven, 4 kookplaten, dampkap</li><li>Terras: 45m<sup>2</sup></li><li>Slaapkamer 1: 16,2m<sup>2</sup></li><li>Slaapkamer 2: 14,23m<sup>2</sup></li><li>Slaapkamer 3: 7,5m<sup>2</sup></li><li>Badkamer 1: 4m<sup>2</sup> - toilet, wastafel, ligbad</li><li>Kelder: Helemaal onderkelderd, droog</li></ul>',4,3,1,1,0,9,1),(23,'Ruime villa op 1500m² met 4 slaapkamers en zonnige tuin ','Moerkerkebrug 4','8340','Moerkerke ',485000,'<p>Deze mooie ruime villa is gelegen nabij het centrum van Moerkerke op een perceel van 1.500m&sup2;. De woning biedt u naast veel privacy, ook nog 4 slaapkamers, een bureau, garage, een ruime zolder en een tuin met zonnige terrassen.<br /> <br /> Gelijkvloers (126m&sup2;):<br /> Ruime inkom (11,5m&sup2;) met vestiaire en eiken trap naar de 1ste verdieping - bureau (13,5m&sup2;) - gezellige living (40m&sup2;) afgewerkt met parketvloer - ingerichte keuken (15,5m&sup2;) voorzien van elektrische kookplaat, dampkap, vaatwas, frigo, oven, spoelbak en kasten - toilet (1,5m&sup2;) - berging (9,5m&sup2;) met aansluiting voor wasmachine - ruime garage (27m&sup2;) - veranda ( 11m&sup2;) - kelder (4m&sup2;).<br /> <br /> 1ste verdieping (112m&sup2;):<br /> Nachthal (16m&sup2;) - badkamer (9,5) met ligbad, douche en lavabo - apart toilet (1m&sup2;) - 4 slaapkamers (19,5m&sup2; - 17m&sup2; - 15m&sup2; - 11,5m&sup2;) - berging (22,5m&sup2;) aansluitend aan slaapkamer.<br /> <br /> Zolder (75m&sup2;) afgewerkt met onderdak.<br /> <br /> Algemeen:<br /> - zeer vlotte bereikbaarheid, op 10 min. van Knokke en op 15 min. van Brugge<br /> - terras met elektrische zonneluifel<br /> - zonnige tuin met veel privacy</p>','<ul><li>Aantal slaapkamers: 4</li><li>Kadastraal inkomen: € 1.286</li><li>Oppervlakte: 1.523m<sup>2</sup></li><li>EPC: 409 kWh/m<sup>2</sup>/jaar - UC 20130102-0001282156-00000001-1</li></ul>','<ul><li>Inkomhal: 11,5m<sup>2</sup> - Afgewerkt met tegelvloer, afgescheiden vestiaire en eiken trap naar de verdieping.</li><li>Living: 40m<sup>2</sup> - Ruime zonnige living. Afgewerkt met parket.</li><li>Keuken: 15,5m<sup>2</sup> - Keuken met zicht op tuin. Afgewerkt met elektrisch fornuis, dampkap, oven, vaatwasmachine, spoelbak en veel kastruimte.</li><li>Veranda: 11m<sup>2</sup> - Houten skelet met dubbelglas.</li><li>Slaapkamer 1: 15m<sup>2</sup> - Met ingemaakte kasten, lavabo en enkel glas.</li><li>Slaapkamer 2: 19,5m<sup>2</sup> - Met deur naar badkamer.</li><li>Slaapkamer 3: 17m<sup>2</sup> - Lavabo.</li><li>Slaapkamer 4: 11,5m<sup>2</sup> - Toegang naar ruime berging.</li><li>Badkamer 1: 9,5m<sup>2</sup> - Afgewerkt met vaste vloerbekleding, ligbad, douche en lavabo.</li></ul>',4,3,1,1,0,60,1),(24,'Villa op 1291m² met prachtig aangelegde tuin ','Grote Thems 37d','8490','Varsenare ',595000,'<p>Deze voormalige dokterswoning op 1291m&sup2; is omgeven door een charmante tuin (Tuinarchitect: Johan Wullaert) met zwemvijver en verschillende romantische hoekjes. Gelegen in een residenti&euml;le, rustige buurt op 15min van het centrum van Brugge, vlotte verbinding naar autosnelweg en dichtbij openbaar vervoer, scholen, buurtwinkels,... <br /> <br /> Indeling:<br /> Gelijkvloers (ca. 135m&sup2;) voorzien van een bourgondische tegel in combinatie met parket: inkomhal (7,5m&sup2;) met apart toilet - bureau/slaapkamer (19,5m&sup2;) voorzien van ingemaakte kasten - zithoek (28m&sup2;) met houtkachel - televisiehoek (9m&sup2;, op tussenverdieping) - uitgeruste keuken (16m&sup2;) met bar en voorzien van vaatwas, koelkast, keramische kookplaat, friteuse en Intelligent Cooking System (Die Dietrich) - eetplaats (18m&sup2;) met prachtig zicht over de zwemvijver - hobbyruimte/bureau (11,5m&sup2;) - berging (7,8m&sup2;) met buitendeur en voorziening stooktoestel - wasplaats (6m&sup2;) met aansluiting wasmachine/droogkast en toegang naar de tuin. <br /> <br /> 1ste verdieping (ca. 112m&sup2;) vernieuwd in 2003 met alle welness comfort: slaapkamer (25m&sup2;) voorzien van ingemaakte kasten - badkamer (10m&sup2;) met dubbele lavabo, massagebad, apart toilet, stoombad/douche en sauna - dressing (7m&sup2;) - slaapkamer (9,5m&sup2;) - berging (6,5m&sup2;) + toegang tot zolder (15m&sup2;) <br /> <br /> Algemeen:<br /> - prachtige tuin met zwemvijver (filter + verwarming)<br /> - carport (22m&sup2;) met tuinberging<br /> - ideaal voor vrij beroep <br /> - alarmsysteem met camerabewaking</p>','<ul><li>Aantal slaapkamers: 3</li><li>Kadastraal inkomen: € 1.425</li><li>Oppervlakte: 1.291m<sup>2</sup></li><li>EPC: 314 kWh/m<sup>2</sup>/jaar - UC 1398706</li></ul>','<ul><li>Inkomhal: 7,22m<sup>2</sup> - 2 aparte inkomhallen</li><li>Living: 76,21m<sup>2</sup> - houtkachel aanwezig</li><li>Keuken: 17m<sup>2</sup> - microgolfoven, oven, 4 kookplaten, dampkap</li><li>Terras: 45m<sup>2</sup></li><li>Slaapkamer 1: 16,2m<sup>2</sup></li><li>Slaapkamer 2: 14,23m<sup>2</sup></li><li>Slaapkamer 3: 7,5m<sup>2</sup></li><li>Badkamer 1: 4m<sup>2</sup> - toilet, wastafel, ligbad</li><li>Kelder: Helemaal onderkelderd, droog</li></ul>',3,3,1,1,1,12,1),(25,'Ruime nieuwbouw gezinswoning','Blankenbergestraat 7A','8400','Oostende ',245000,'<p>Deze mooie bel-&eacute;tage woning is gelegen in Oostende. De woning beschikt op het gelijkvloers over een ruime overdekte parkeerplaats, wasplaats, toilet, berging, terras en zonnige tuin (140m2).<br /> Op het eerste verdiep bevindt zich de leefruimte met een rechtstreekse trap naar de tuin en de grote open leefkeuken.<br /> Op het tweede en derde verdiep treffen we nog een extra berging, badkamer en de 4 slaapkamers. (EPB 96)<br /> <br /> Pluspunten:<br /> - alles nieuw!<br /> - zonnige tuin<br /> - 4 slaapkamers<br /> - carport voor de wagen</p>','<li>Aantal slaapkamers: 4</li>','<ul><li>Inkomhal: 7m<sup>2</sup></li><li>Living: 40m<sup>2</sup> - met open keuken</li><li>Slaapkamer 1: 16m<sup>2</sup></li><li>Slaapkamer 2: 12m<sup>2</sup></li><li>Slaapkamer 3: 12m<sup>2</sup></li><li>Slaapkamer 4: 12m<sup>2</sup></li><li>Slaapkamer 5: 12m<sup>2</sup></li></ul>',4,2,1,1,0,16,1),(26,'Instapklare woning 5 slaapkamers en garage ','Gaston Vallaeysstraat 2','8800','Rumbeke ',265000,'<p>Deze gezellige en instapklare woning is gelegen in een rustige wijk te Rumbeke. Troeven zijn o.a. zijn 5 slaapkamers, garage en goede verbinding naar o.a. de E403.<br /> EEN ECHTE AANRADER!<br /> <br /> Indeling:<br /> * Gelijkvloers:<br /> <br /> inkom met afzonderlijk toilet - leefruimte met eet- en zitplaats - open ge&iuml;nstalleerde keuken met o.a. vaatwas, microgolf, oven, kookplaten, dampkap en koelkast - aanpalende berging met mogelijkheid tot plaatsen wasmachine ect. - garage met elektrische poort.<br /> Gezellige tuin - staanplaats op de oprit.<br /> <br /> * Eerste verdieping:<br /> <br /> 3 ruime slaapkamers - badkamer met o.a. dubbele lavabo in badkamermeubel, douche en ligbad met massagestralen - afzonderlijk toilet.<br /> <br /> * Tweede verdieping:<br /> <br /> vaste trap naar de zolderruimte die volledig opgedaan is en ingericht met nog eens 2 slaapkamers en een bergruimte (cv).<br /> <br /> EXTRA KENMERKEN:<br /> <br /> - Instapklaar<br /> - cv op gas<br /> - bouwjaar 2008<br /> - EPC: 173 kWh/m&sup2; - UC: 1355933.<br /> <br /> (sted. inl. in aanvraag)</p>','<ul><li>Aantal slaapkamers: 5</li><li>Oppervlakte: 210m<sup>2</sup></li><li>EPC: 173 kWh/m<sup>2</sup>/jaar - UC 1355933</li></ul>','<ul><li>Living: 25,21m<sup>2</sup></li><li>Keuken: 7,80m<sup>2</sup> - Open keuken, ingericht met o.a. vaatwas, microgolf, oven, kookplaten, dampkap en koelkast.</li><li>Slaapkamer 1: 11,94m<sup>2</sup></li><li>Slaapkamer 2: 12,26m<sup>2</sup></li><li>Slaapkamer 3: 13,45m<sup>2</sup></li><li>Slaapkamer 4: 14,30m<sup>2</sup></li><li>Slaapkamer 5: 15,08m<sup>2</sup></li></ul>',5,2,2,1,0,8,1),(27,'Luxe villa met zwembad in residentiële omgeving ','De Linde 81','8210','Sint-Kruis ',198000,'<p>Luxueuze villa met 4 slaapkamers gelegen in een residenti&euml;le omgeving met alle privacy en rust. In de zonnige tuin kunt u genieten van het verwarmde zwembad.<br /> <br /> Gelijkvloers : ruime inkomhal met trap naar 1ste verdieping, vestiaire en gastentoilet met lavabo - living (80m&sup2;) met open haard en veel lichtinval - keuken (30m&sup2;) in parket, met dubbele spoelbak, keramische kookplaat, dampkap, friteuse, warmeluchtoven, diepvries, frigo en veel kasten, aansluiting vaatwas en wasmachine - berging (15m&sup2;) - bureau (16m&sup2;) met ingemaakte kasten - ruime slaapkamer (40m&sup2;) met badkamer met jacuzzi, massage douche, dubbele lavabo in meubel, sauna (4 pers.) en apart toilet.<br /> 1ste verdieping: 3 slaapkamers (13m&sup2;, 11m&sup2; en 15m&sup2;) in laminaat - badkamer (7,5m&sup2;) met dubbele lavabo, douche en ligbad - apart toilet. Berging (volledig vernieuwd) in de zuidgerichte tuin met verwarming voor het zwembad. <br /> <br /> Algemeen: <br /> - centrale ligging<br /> - prijs is exclusief de zonnepanelen <br /> - nieuw verwarmingssysteem zwembad (warmtepomp + collectoren)<br /> - CV op aardgas met nieuwe aardgasketel<br /> - alarm systeem<br /> - dak is recent ge&iuml;soleerd<br /> - sted. inl. in aanvraag</p>','<ul><li>Aantal slaapkamers: 4</li><li>Kadastraal inkomen: € 1.755</li><li>Oppervlakte: 1.200m<sup>2</sup></li><li>EPC: 189 kWh/m<sup>2</sup>/jaar - UC 20110918-0000922449-000000013-6</li></ul><ul><li>Living: 80m<sup>2</sup></li><li>Keuken: 30m<sup>2</sup></li></ul>','<ul><li>Living: 80m<sup>2</sup></li><li>Keuken: 30m<sup>2</sup></li></ul>',4,3,2,1,1,18,1),(28,'Woning met zonnige tuin in Oostende','Plakkersstraat 74','8400','Oostende',200000,'<p>Deze woning ligt de Plakkersstraat te Oostende.<br /> De woning is goed gelegen recht tegenover een groen pleintje en met voldoende parkeer mogelijkheden voor de deur. <br /> Binnenin de woning treffen we een zonnige leefruimte die aansluit aan het terras en de tuin, de keuken en apart toilet. Op de hoger gelegen verdiepen liggen de 5 slaapkamers en de badkamer. De woning beschikt daarnaast over een kelder, dit is ook de plaats van de centrale verwarmingsinstallatie op aardgas.<br /> <br /> Pluspunten:<br /> - vernieuwde ramen in PVC<br /> - zonnige tuin<br /> - 5 slaapkamers</p>','<ul><li>Aantal slaapkamers: 5</li><li>Kadastraal inkomen: € 865</li><li>EPC: 362 kWh/m<sup>2</sup>/jaar - UC 1371526</li></ul>','<ul><li>Inkomhal: 13m<sup>2</sup></li><li>Living: 32m<sup>2</sup></li><li>Keuken: 13m<sup>2</sup></li><li>Slaapkamer 1: 16m<sup>2</sup></li><li>Slaapkamer 2: 16m<sup>2</sup></li><li>Slaapkamer 3: 16m<sup>2</sup></li><li>Slaapkamer 4: 16m<sup>2</sup></li><li>Slaapkamer 5: 13m<sup>2</sup></li><li>Badkamer 1: 4m<sup>2</sup></li></ul>',5,2,2,1,0,6,1),(29,'Op te frissen rijwoning met koertje en 2 slaapkamers ','Abeelseweg 79','8970','Poperinge ',79000,'<p>Op te frissen rijwoning met 2 slaapkamers en zonnig koertje. Gelegen nabij het centrum. Ideaal voor de doe het zelver, starter of investeerder! <br /> De totale grondoppervlakte bedraagt 105 m&sup2;.<br /> <br /> Bestaande uit:<br /> - Gelijkvloers:<br /> Inkomhal (5 m&sup2;) - Living (30 m&sup2;) - Keuken ( 12m&sup2;) - Badkamer ( 7 m&sup2;) met ligbad, lavabo en toilet - Koer (12 m&sup2;) - Berging ( 17m&sup2;)<br /> - Kelder (6 m&sup2;)<br /> <br /> - Verdiep:<br /> 2 Slaapkamers ( 19 + 16 m&sup2;)<br /> <br /> - Ge&iuml;soleerde zolder<br /> <br /> NIEUWE VOORWAARDEN!<br /> <br /> =&gt; Woning met mogelijkheden!<br /> =&gt; EPC: 465 kWh/m&sup2; - UC: 1343719</p>','<ul><li>Aantal slaapkamers: 2</li><li>Kadastraal inkomen: € 257</li><li>Oppervlakte: 105m<sup>2</sup></li><li>EPC: 465 kWh/m<sup>2</sup>/jaar - UC 1343719</li></ul>','<ul><li>Inkomhal: 5,5m<sup>2</sup></li><li>Living: 30m<sup>2</sup></li><li>Keuken: 12m<sup>2</sup></li><li>Slaapkamer 1: 19m<sup>2</sup></li><li>Slaapkamer 2: 16m<sup>2</sup></li><li>Badkamer 1: 7m<sup>2</sup></li></ul>',2,2,2,1,0,8,1),(30,'Ruime en zonnige villa met 5 slaapkamers en tuin ','Markgraafstraat 26','8310','Sint-Kruis ',380000,'<p>Op slechts 10min van Brugge vindt u deze ruime en zonnige villa gelegen in een residenti&euml;le wijk en bovendien in een doodlopende straat. Naast de rustige ligging voorziet deze woning u van o.a. 5 slaapkamers, garage en zonnige tuin. De woning kan ook perfect ingericht worden als een praktijkwoning voor een vrij beroep.<br /> <br /> Indeling:<br /> Gelijkvloers (138m&sup2;): Inkomhal (17m&sup2;) met gastentoilet en houten trap naar de eerste verdieping - bureau (7m&sup2;) - eetplaats (20m&sup2;) en zitplaats (49m&sup2;) met houtvuur - ingerichte keuken (16m&sup2;) met 5-pits gasfornuis, dampkap, oven, dubbele spoelbak, vaatwas, frigo en kasten - garage (29m&sup2;) met meters van de nutsvoorzieningen, gasketel en kantelpoort - zonnige tuin met groot terras.<br /> <br /> Eerste verdieping (84m&sup2;): Nachthal (7,5m&sup2;) - badkamer (8m&sup2;) met bad, dubbele wastafel in badkamermeubel - douchekamer (6m&sup2;) met douche en lavabo - toilet (2m&sup2;) - 5 slaapkamers (15m&sup2;, 10m&sup2;,10m&sup2;, 16,5m&sup2; en 9m&sup2;).<br /> <br /> Tweede verdieping: zolderruimte toegankelijk via zolderluik<br /> <br /> Algemeen:<br /> - rustige ligging en centraal nabij winkels, openbaar vervoer, enz.<br /> - zonnige tuin<br /> - nieuwe verwarmingsketel op aardgas <br /> - regenwaterput van 6.125 liter<br /> - Gvg/Wg/Gdv/Gvkr/Vv</p>','<ul><li>Aantal slaapkamers: 5</li><li>Kadastraal inkomen: € 1.492</li><li>Oppervlakte: 897m<sup>2</sup></li><li>EPC: 323 kWh/m<sup>2</sup>/jaar - UC 20120126-0001023425-00000006-9</li></ul>','<ul><li>Inkomhal: 17m<sup>2</sup> - Afgewerkt met keramische vloer, trap naar eerste verdieping, 2 radiatoren, vestiaire en gastentoilet met lavabo.</li><li>Zitplaats: 49m<sup>2</sup> - Afgewerkt met keramische vloer, 2 vloerradiatoren, houtvuur en toegang naar de tuin.</li><li>Keuken: 16m<sup>2</sup> - Afgewerkt met keramische vloer, ingemaakte keuken met dubbele spoelbak, 5 pits gasfornuis, dampkap, vaatwas, oven, koelkast en opbergruimte.</li><li>Eetkamer: 20m<sup>2</sup> - Afgewerkt met keramische vloer en radiator.</li><li>Slaapkamer 1: 15m<sup>2</sup> - Afgewerkt met vaste vloerbekleding en radiator.</li><li>Slaapkamer 2: 10m<sup>2</sup> - Afgewerkt met vaste vloerbekleding en radiator.</li><li>Slaapkamer 3: 10m<sup>2</sup> - Afgewerkt met vaste vloerbekleding en radiator.</li><li>Slaapkamer 4: 16,5m<sup>2</sup> - Afgewerkt met vaste vloerbekleding en radiator.</li><li>Slaapkamer 5: 9m<sup>2</sup> - Afgewerkt met vaste vloerbekleding en radiator.</li><li>Badkamer 1: 8m<sup>2</sup> - Afgewerkt met keramische vloer, ligbad, dubbele lavabo in badkamermeubel en radiator.</li><li>Badkamer 2: 6m<sup>2</sup> - Afgewerkt met vaste vloerbekleding, douche, lavabo en radiator.</li><li>Zolder: Kruipzolder met opbergruimte.</li></ul>',5,3,2,1,0,65,1),(31,'Prachtig burgershuis aan Lisseweegs vaartje ','Stationsstraat 3','8380','Lissewege ',435000,'<p>In het pittoreske dorpscentrum van Lissewege vindt u deze volledig instapklare burgerswoning. Deze schitterend gerenoveerde woning is voorzien van alle comfort en biedt u de mogelijkheid tot het uitbaten van een bed&amp;breakfast. Met zijn idyllisch zicht op het Lisseweegs vaartje en de kerktoren zal ook u zich hier snel thuisvoelen. Naast de priv&eacute;woonst is er op het gelijkvloers ook een winkelruimte voorzien.<br /> <br /> Gelijkvloers (154m&sup2;): ontvangstruimte/winkelruimte (25m&sup2;) met aparte ingang voor de priv&eacute; - living (37m&sup2;) met prachtig zicht over het Middeleeuws Vaartje, open haard, sisal-vloerbekleding - trappenhal (13m&sup2;) met stenen vloer en toegang tot de kelder (23m&sup2;) - apart toilet met lavabo - eetplaats (16m&sup2;) afgewerkt in parket - nieuwe ge&iuml;nstalleerde keuken (17m&sup2;) met inductie-kookplaat, dampkap, microgolf, warmeluchtoven, koffiemachine, diepvries, koelkast, vaatwas, dubbele spoelbak en kasten - zongericht terras (23m&sup2;) - garage (25m&sup2;) met aansl. wasmachine/droogkast, spoelbak en verwarmingsketel.<br /> 1ste V. (140m&sup2;): nachthal in sisal (9m&sup2;) - 2 slaapkamers (14m&sup2; en 21m&sup2;) met authentieke plankenvloer en beide met eigen badkamer (7m&sup2; en 6m&sup2;) met ligbad/regendouche, lavabo in meubel en hangtoilet - suite met leefruimte (20m&sup2;) en slaapkamer (15m&sup2;) met badkamer (7m&sup2;) met ligbad/regendouche, lavabo en toilet - zongericht terras (14m&sup2;) met zicht over Lissewege. <br /> 2eV (80&sup2;m): ingericht als loft met zicht op de kerk, met authentieke plankenvloer. Bevat: kookhoek met spoelbak, dampkap en kookplaat - slaapkamer (24m&sup2;) - badkamer (4m&sup2;) met regendouche en lavabo in meubel - apart toilet.<br /> <br /> Troeven:<br /> - instapklaar<br /> - schilderachtige ligging <br /> - Vg/Wche/Gdv/Gvkr/Gvv</p>','<ul><li>Aantal slaapkamers: 5</li><li>Kadastraal inkomen: € 959</li><li>Oppervlakte: 177m<sup>2</sup></li><li>UC 542</li></ul>','<ul><li>Living: 37m<sup>2</sup></li><li>Keuken: 17m<sup>2</sup></li><li>Terras: 14m<sup>2</sup></li></ul>',5,2,3,1,0,10,1),(32,'1 slaapkamer appartement op centrale ligging ','Elisabethlaan 356','8400','Oostende',99500,'<p>Instapklaar &eacute;&eacute;nslaapkamerappartement. Totale woonoppervlakte bedraagt 68 m&sup2;. <br /> Het appartement bestaat uit living (19m&sup2;), keuken (17m&sup2;), slaapkamer (19m&sup2;), badkamer (4m&sup2;), vestiaire/bergruimte (3m&sup2;), balkon (3m&sup2;). Vlakbij alle belangrijke verbindingswegen van Oostende. <br /> Momenteel verhuurd aan 450 euro per maand.</p>','<ul><li>Aantal slaapkamers: 1</li><li>EPC: 287 kWh/m<sup>2</sup>/jaar - UC 519412</li></ul>','<ul><li>Living: 19m<sup>2</sup></li><li>Keuken: 17m<sup>2</sup></li><li>Terras: 3m<sup>2</sup></li><li>Slaapkamer 1: 19m<sup>2</sup></li><li>Badkamer 1: 4m<sup>2</sup></li></ul>',1,1,3,1,1,12,1),(33,'Gerenoveerd appartement met fenomenaal zeezicht! (EPC: 208kwh/m2; UC: 694365) ','Zeedijk 191','8400','Oostende ',275000,'<p>Gerenoveerd ruim 2 slaapkamerappartement met splinternieuwe keuken afgewerkt in fineerhout op de zeedijk! Gezelligheid troef met een keramisch parket dat door het volledig appartement loopt. De badkamer werd eveneens volledig vernieuwd.<br /> Positieve elektrische keuring. <br /> Het dak, de gevel en de lift zijn recentelijk vernieuwd. <br /> (EPC: 208kwh/m2; UC: 694365)<br /> <br /> Pluspunten appartement:<br /> - fenomenaal zeezicht<br /> - volledig gerenoveerd<br /> - rustig gelegen<br /> - ruime kamers<br /> - terras vooraan &amp; achteraan<br /> - voldoende bergruimte door ingemaakte kasten</p>','<ul><li>Aantal slaapkamers: 2</li><li>Kadastraal inkomen: € 1.021</li><li>EPC: 208 kWh/m<sup>2</sup>/jaar - UC 694365</li></ul>','<ul><li>Living: 21m<sup>2</sup> - met zeezicht &amp; toegang tot balkon</li><li>Keuken: 10m<sup>2</sup> - open leefkeuken met keramische kookplaat (Miele), vaatwas, koelkast en combi-oven </li><li>Slaapkamer 1: 11,5m<sup>2</sup> - met ingemaakte kasten + verlichting met dimfunctie</li><li>Slaapkamer 2: 11m<sup>2</sup> - met toegang tot balkon</li><li>Badkamer 1: 5m<sup>2</sup> - met ligbad, dubbele spoeltafel &amp; spiegelkast</li></ul>',2,1,3,1,0,18,1),(34,'Gelijkvlrs app. (2slpk) met tuin, terras en garage','Meensesteenweg 198','8501','Bissegem ',199500,'<p>Deze statige burgerwoning is gelegen op de verbindingsweg tussen Bissegem en Kortrijk. Het interieur werd smaakvol ingericht en beschikt over een bijzondere charme. De inkom, salons,...werden authentiek bewaard! Er is een garage en een tuin.<br /> <br /> Indeling:<br /> Gelijkvloers: Mooie authentieke inkom met portaal, traphal, vestiaire en vloeren in marmer - Er zijn 2 leefruimtes die telkens beschikken over een eethoek en zithoek met vloerbekleding in parket en een stijlschouw - De zomer zithoek is voorzien van ingemaakte kasten en heeft een open zicht op de tuin - Goed onderhouden keuken met inbouwtoestellen en met verbinding tot het terras en tuin - Aanpalend aan de keuken is er een ruime bijkeuken met voorzieningen voor wasmachine en droogkast. De garage is voorzien van een automatische poort.<br /> <br /> EPC: 417 kWh/m&sup2;<br /> <br /> 1ste verdiep: Nachthal met 5 slaapkamers en badkamer met ligbad, lavabo en toilet.<br /> <br /> 2de verdiep: Nachthall met 3 slaapkamers en zolderruimte. <br /> <br /> Kelderruimte (102m&sup2;): wijnkelder, provisieruimte, stookplaats,...<br /> <br /> Deze op te frissen burgerwoning beschikt over heel mooie volumes en is ideaal voor een gezin die centraal wil wonen en van ruimte houdt.</p>','<ul><li>Aantal slaapkamers: 2</li><li>Kadastraal inkomen: € 688</li><li>EPC: 432 kWh/m<sup>2</sup>/jaar - UC 1257572</li></ul>','<ul><li>Living: 19m<sup>2</sup></li><li>Keuken: 17m<sup>2</sup></li><li>Terras: 3m<sup>2</sup></li><li>Slaapkamer 1: 19m<sup>2</sup></li><li>Badkamer 1: 4m<sup>2</sup></li></ul>',2,1,3,1,0,4,1),(35,'Gezellig appartement in herenhuis met zijdelings zeezicht ','Kemmelbergstraat 30','8400','Oostende',169000,'<p>Gezellig appartement met zijdelings zeezicht gelegen in een authentiek herenhuis. Ruime leefruimte, aparte keuken, badkamer, en 1 slaapkamer. Zeer veel lichtinval. In de leefruimte kunt u genieten van het zijdelings zeezicht. Op wandelafstand van het stadscentrum, strand en de jachthaven. (316 kWh/m&sup2; UC 1395689)</p>','<ul><li>Aantal slaapkamers: 1</li><li>Kadastraal inkomen: € 357</li></ul>','<ul><li>Living: 26m<sup>2</sup></li><li>Keuken: 10m<sup>2</sup></li><li>Slaapkamer 1: 16m<sup>2</sup> - 3 x 5,25</li><li>Badkamer 1: 3m<sup>2</sup> - wc, douche, lavabo</li></ul>',1,1,3,1,0,14,1),(36,'Exclusief gerestaureerd hoekappartement van 170m²','Vlaanderenstraat 29','8400','Oostende',55000,'<p>Exclusief 3 slaapkamerappartement van 170m&sup2; (gelegen op de hoek Vlaanderenstraat - Van Iseghemlaan). De interieurrestauratie werd uitgevoerd naar de geest van de Belle Epoque met gebruik van authentieke elementen uit de Art Nouveau- en Art Decoperiode. Extra aandacht werd geschonken aan de beleving van licht en ruimte door enkele subtiele ingrepen. Dit charmant appartement met een grote uitstraling van authentieke grandeur zal niemand onberoerd laten. Bestaande uit: 5 balkondeuren met balkon in de Van Iseghemlaan en 4 in de Vlaanderenstraat. grote living (62m&sup2;) met zicht op zee, aparte keuken (16m&sup2;), 3 ruime slaapkamers (14,19 en 13 m&sup2;), badkamer van 8m&sup2;, apart gastentoilet, en privatieve kelder. EPC 232 kWh/m2 UC 1134632</p>','<ul><li>Aantal slaapkamers: 3</li><li>Kadastraal inkomen: € 1.241</li><li>EPC: 232 kWh/m<sup>2</sup>/jaar - UC 1134632</li></ul>','<ul><li>Inkomhal: 10m<sup>2</sup></li><li>Living: 62m<sup>2</sup></li><li>Keuken: 16m<sup>2</sup></li><li>Slaapkamer 1: 14m<sup>2</sup></li><li>Slaapkamer 2: 19m<sup>2</sup></li><li>Slaapkamer 3: 13m<sup>2</sup></li><li>Badkamer 1: 8m<sup>2</sup></li></ul>',3,1,4,1,0,5,1),(37,'Appartement met panoramisch zicht','Mercatorlaan 19','8400','Oostende',329000,'<p>Instapklaar 2 slk.-appartement met riant panoramisch zicht op de Mercator/jachthaven, park, zee en duinen.<br /> Woonoppervlakte: 90 m2, 10de verd., open zicht voor- en achteraan<br /> - ruime inkomhal met berging <br /> - grote living met prachtig open zicht <br /> - nieuwe keuken met prachtig open zicht <br /> - 2 slaapkamers van elk 12 m2 met prachtig open zicht <br /> - nieuwe badkamer met instapdouche en lavabo, aparte WC <br /> - zonnig terras achteraan <br /> - private kelder <br /> - lift<br /> - dubbele beglazing, gepantserde deur, parlofoon<br /> - CV op aardgas<br /> Binnen enkele minuten te voet bereikbaar:<br /> - de supermarkten van Delhaize en ALDI<br /> - de winkelcentra van de Kapellestraat en van Â„Petit ParisÂ“<br /> - het station van Oostende<br /> - de haltes van kusttram en autobussen<br /> - de haven (gratis veerboot naar vuurtoren en duinen aan de overkant) <br /> <br /> EPC: 123, K.I.: 1.026 - bouwjaar 1973, renovatie incl. nieuwe bedrading 2010/2011.</p>','<ul><li>Aantal slaapkamers: 2</li><li>Kadastraal inkomen: € 126</li><li>EPC: 123 kWh/m<sup>2</sup>/jaar - UC 594130</li></ul>','<ul><li>Inkomhal: 1m<sup>2</sup></li><li>Living: 31m<sup>2</sup></li><li>Keuken: 10m<sup>2</sup></li><li>Terras: 6m<sup>2</sup></li><li>Slaapkamer 1: 13m<sup>2</sup></li><li>Slaapkamer 2: 13m<sup>2</sup></li><li>Badkamer 1: 1m<sup>2</sup></li></ul>',2,1,4,1,1,11,1),(38,'Ruime autostaanplaatsen nabij de markt.','Sergant De Bruynestraat 59','8370','Blankenberge ',25000,'<p>6 ruime autostaanplaatsen te koop nabij de markt te Blankenberge. <br /> Vlot in -en uitrijdbaar met autolift. <br /> Prijzen vanaf &euro; 25.000/staanplaats.</p>','-','-',0,5,4,1,0,3,1),(39,'Ondergrondse staanplaats met plaats voor 1 wagen','Elisabeth Zorghestraat','8000','Brugge',32500,'<p>Parkeergarage gebouwd onder het terrein van de vroegere Brouwerij \"Aigle Belgica\" tussen de Snagaardstraat, Elisabeth Zorghestraat en de Carmerstraat, gekend als \"Rijkepijnder\" Ondergrondse staanplaats nr. 158.<br /> <br /> Algemeen:<br /> - automatische poort aan de ingang van het complex<br /> - gelegen op -1<br /> - plaats voor ruime wagen<br /> - gelegen op wandelafstand van het centrum.<br /> <br /> (Vg/Wche/Gdv/Gvkr/Gvv)</p>','<ul><li>Kadastraal inkomen: € 79</li></ul>','-',0,5,4,1,0,6,1),(40,'Vlot bereikbare ondergrondse garagebox in centrum Heule ','Heulsekasteelstraat 9','8501','Heule ',20000,'<p>Op zoek naar een extra garage of stockageruimte? Dan hebben wij de oplossing!<br /> <br /> Deze prefabgarage uit beton is van het bouwjaar 87. De ondergrond is uitgerust met plaatbeton. De garage heeft een oppervlakte van 13,5m&sup2;.</p>','<ul><li>Oppervlakte: 13m<sup>2</sup></li></ul>','-',0,5,4,1,0,7,1);
/*!40000 ALTER TABLE `realestate` ENABLE KEYS */;
UNLOCK TABLES;
/*!40103 SET TIME_ZONE=@OLD_TIME_ZONE */;

/*!40101 SET SQL_MODE=@OLD_SQL_MODE */;
/*!40014 SET FOREIGN_KEY_CHECKS=@OLD_FOREIGN_KEY_CHECKS */;
/*!40014 SET UNIQUE_CHECKS=@OLD_UNIQUE_CHECKS */;
/*!40101 SET CHARACTER_SET_CLIENT=@OLD_CHARACTER_SET_CLIENT */;
/*!40101 SET CHARACTER_SET_RESULTS=@OLD_CHARACTER_SET_RESULTS */;
/*!40101 SET COLLATION_CONNECTION=@OLD_COLLATION_CONNECTION */;
/*!40111 SET SQL_NOTES=@OLD_SQL_NOTES */;

-- Dump completed on 2013-07-29 13:00:46
